      sessionId:     this.sessionId,
      userId:        this.userId,
      timestamp:     new Date().toISOString(),
      mode:          data.mode          ?? "",
      activity:      data.activity      ?? "",
      shape_n:       data.shape_n       ?? "",
      weight_n:      data.weight_n      ?? "",
      flow_n:        data.flow_n        ?? "",
      kt:            data.kt            ?? "",
      baselineReady: data.baselineReady ?? "",
      // ✅ 新增座標欄位（normalized 0-1，對應 MediaPipe 座標系）
      lh_x:          p(data.lh_x),
      lh_y:          p(data.lh_y),
      rh_x:          p(data.rh_x),
      rh_y:          p(data.rh_y),
      ls_x:          p(data.ls_x),
      ls_y:          p(data.ls_y),
      rs_x:          p(data.rs_x),
      rs_y:          p(data.rs_y),
      // note 保留給自訂用途
      note:          data.note          ?? "",

sess_9ttx61r21	NCNU_User_1773630044390	2026-03-16T03:00:44.521Z	B	Heart	0.5	0.5	0.5	0.5	FALSE	0.5746	0.7597	0.5265	0.8071	0.5922	0.5002	0.4929	0.5084	
sess_9ttx61r21	NCNU_User_1773630044390	2026-03-16T03:00:48.993Z	B	Victory	0.5	0.5	0.5	0.5	FALSE	0.7932	0.6566	0.6756	0.673	0.6276	0.4821	0.5482	0.4988	left
sess_9ttx61r21	NCNU_User_1773630044390	2026-03-16T03:00:51.055Z	B	Victory	0.5	0.5	0.5	0.5	FALSE	0.4943	0.6698	0.3668	0.5724	0.634	0.4909	0.5407	0.4919	right
sess_9ttx61r21	NCNU_User_1773630044390	2026-03-16T03:00:52.856Z	B	Heart	0.5	0.5	0.5	0.5	FALSE	0.6301	0.6846	0.6054	0.685	0.6455	0.4876	0.5769	0.4855	
sess_9ttx61r21	NCNU_User_1773630044390	2026-03-16T03:00:55.128Z	B	Baseline_End	1	0.4009241674	0.694449619	0.5173123003	TRUE	0.5071	0.5643	0.4076	0.3121	0.6457	0.4889	0.5524	0.4807	baseline calibrated
sess_9ttx61r21	NCNU_User_1773630044390	2026-03-16T03:00:59.111Z	B	Victory	1	1	0.5961093816	0.7913617164	TRUE	0.7358	0.2124	0.6957	0.498	0.6483	0.4619	0.5554	0.4866	right
sess_9ttx61r21	NCNU_User_1773630044390	2026-03-16T03:01:07.201Z	B	Victory	1	1	0.247307142	0.9134425003	TRUE	0.4827	0.6763	0.4777	0.2496	0.6217	0.491	0.5331	0.4775	left
sess_9ttx61r21	NCNU_User_1773630044390	2026-03-16T03:01:09.593Z	B	Fireworks_Explosion	1	0.5376088201	0.4844659112	0.6454804591	TRUE	0.8159	0.3615	0.6903	0.6285	0.6478	0.4714	0.5486	0.499	right
sess_9ttx61r21	NCNU_User_1773630044390	2026-03-16T03:01:17.278Z	B	Heart	1	0.8393163167	0.8626575192	0.6337963949	TRUE	0.5889	0.6332	0.5999	0.6189	0.6496	0.4964	0.5423	0.4897	
sess_9ttx61r21	NCNU_User_1773630044390	2026-03-16T03:01:20.024Z	B	Heart	1	1	0.4775171422	0.8328690002	TRUE	0.6005	0.652	0.5883	0.7069	0.654	0.5011	0.5496	0.4932	
sess_9ttx61r21	NCNU_User_1773630044390	2026-03-16T03:01:23.100Z	B	Heart	1	0.6600600652	0.9164722055	0.5432587541	TRUE	0.5629	0.6634	0.5887	0.6354	0.6499	0.4989	0.5472	0.4874	
sess_9ttx61r21	NCNU_User_1773630044390	2026-03-16T03:01:25.160Z	B	Dance_Continuous	1	0.007785928769	0.7551812439	0.3388009362	TRUE	0.5814	0.6724	0.4565	0.2148	0.6762	0.5094	0.5778	0.4749	30s_Interval_AutoLog
sess_9ttx61r21	NCNU_User_1773630044390	2026-03-16T03:01:33.055Z	B	Victory	1	0.9274479671	0.8839624176	0.6615923407	TRUE	0.491	0.4781	0.4322	0.4863	0.5563	0.4979	0.455	0.5049	right
sess_9ttx61r21	NCNU_User_1773630044390	2026-03-16T03:01:55.177Z	B	Dance_Continuous	0.2109333152	0	1	0.0527333288	TRUE	0.704	0.9039	0.5621	0.8714	0.6937	0.5093	0.5898	0.5124	30s_Interval_AutoLog
sess_9ttx61r21	NCNU_User_1773630044390	2026-03-16T03:01:57.077Z	B	Heart	0	0.6714338648	0.6868655319	0.3781706097	TRUE	0.6006	0.6718	0.5821	0.6042	0.6886	0.4971	0.5866	0.5027	
sess_9ttx61r21	NCNU_User_1773630044390	2026-03-16T03:02:01.127Z	B	Heart	0	0.7077012598	0.09367866157	0.6002929724	TRUE	0.6297	0.6478	0.5848	0.61	0.6927	0.5054	0.5898	0.5034	
sess_9ttx61r21	NCNU_User_1773630044390	2026-03-16T03:02:02.961Z	B	Heart	0	0.704824743	0.5656427618	0.4339549306	TRUE	0.5685	0.571	0.5483	0.5247	0.6785	0.4954	0.5801	0.4944	
sess_9ttx61r21	NCNU_User_1773630044390	2026-03-16T03:02:08.137Z	B	Heart	0	0.4967877583	0.1240212169	0.5053076774	TRUE	0.4848	0.5852	0.5252	0.6088	0.5254	0.42	0.4162	0.4029	
sess_9ttx61r21	NCNU_User_1773630044390	2026-03-16T03:02:12.422Z	B	Fireworks_Explosion	0	0.06528967988	1	0.02611587195	TRUE	0.5117	0.6684	0.433	0.5986	0.5485	0.3971	0.4315	0.3825	left
sess_9ttx61r21	NCNU_User_1773630044390	2026-03-16T03:02:17.392Z	B	Victory	0	0.005161445171	0.6160109579	0.1364607428	TRUE	0.5407	0.5961	0.3937	0.5565	0.554	0.3961	0.4323	0.3828	right
sess_9ttx61r21	NCNU_User_1773630044390	2026-03-16T03:02:21.373Z	B	Victory	0	1	0.8002183161	0.4699235894	TRUE	0.4521	0.3705	0.392	0.3295	0.5423	0.369	0.4353	0.3596	right
sess_9ttx61r21	NCNU_User_1773630044390	2026-03-16T03:02:25.261Z	B	Dance_Continuous	0.2195429285	0.4954885714	0.5610974267	0.4066970613	TRUE	0.1758	0.579	0.0346	0.51	0.1839	0.4209	0.0513	0.4268	30s_Interval_AutoLog
sess_9ttx61r21	NCNU_User_1773630044390	2026-03-16T03:02:28.097Z	B	Victory	0	1	0.3392394692	0.6312661858	TRUE	0.2189	0.5031	0.1194	0.4855	0.2551	0.4362	0.1451	0.4081	left
sess_9ttx61r21	NCNU_User_1773630044390	2026-03-16T03:02:31.320Z	B	Victory	0	1	0.1473813941	0.6984165121	TRUE	0.2993	0.4312	0.1627	0.4289	0.2775	0.4267	0.1737	0.4133	left
sess_9ttx61r21	NCNU_User_1773630044390	2026-03-16T03:02:32.354Z	B	Victory	0.4363159336	1	0.06138182021	0.8375953463	TRUE	0.2886	0.4512	0.1071	0.401	0.2828	0.4418	0.1778	0.4134	right
sess_9ttx61r21	NCNU_User_1773630044390	2026-03-16T03:02:34.916Z	B	Heart	0	1	0.05377238768	0.7311796643	TRUE	0.1786	0.585	0.1346	0.6019	0.2797	0.4395	0.1743	0.421	
sess_9ttx61r21	NCNU_User_1773630044390	2026-03-16T03:02:37.480Z	B	Heart	0	1	0	0.75	TRUE	0.1393	0.5909	0.1316	0.5866	0.2516	0.4253	0.1454	0.426	
sess_9ttx61r21	NCNU_User_1773630044390	2026-03-16T03:02:38.250Z	B	Heart	0	1	0	0.75	TRUE	0.1975	0.5303	0.1928	0.4675	0.2551	0.4289	0.1449	0.4181	
sess_9ttx61r21	NCNU_User_1773630044390	2026-03-16T03:02:39.999Z	B	Heart	0	1	0	0.75	TRUE	0.232	0.4898	0.1862	0.5403	0.28	0.4309	0.168	0.4098	
sess_9ttx61r21	NCNU_User_1773630044390	2026-03-16T03:02:42.089Z	B	Victory	0	1	0	0.75	TRUE	0.2922	0.4917	0.334	0.4587	0.304	0.4712	0.2209	0.4323	right
sess_9ttx61r21	NCNU_User_1773630044390	2026-03-16T03:02:44.937Z	B	Victory	0	0.3597128969	0	0.4938851588	TRUE	0.4099	0.461	0.3457	0.5809	0.4421	0.4669	0.3389	0.4646	left
sess_9ttx61r21	NCNU_User_1773630044390	2026-03-16T03:02:50.145Z	B	Heart	0	0.6478318479	0.07985381073	0.5811839054	TRUE	0.4349	0.6056	0.3869	0.5802	0.478	0.4895	0.3804	0.4699	
sess_9ttx61r21	NCNU_User_1773630044390	2026-03-16T03:02:52.183Z	B	Victory	0	0.7190447392	0.03386538061	0.6257650124	TRUE	0.4417	0.5492	0.3754	0.5212	0.4799	0.4779	0.3763	0.4669	left
sess_9ttx61r21	NCNU_User_1773630044390	2026-03-16T03:02:54.621Z	B	Heart	0	0.8081441596	0	0.6732576638	TRUE	0.4819	0.6029	0.4279	0.5996	0.508	0.4897	0.4122	0.4752	
sess_9ttx61r21	NCNU_User_1773630044390	2026-03-16T03:02:55.324Z	B	Dance_Continuous	0	0.4027276208	0.354249522	0.3871037156	TRUE	0.4672	0.6391	0.4051	0.5786	0.497	0.4934	0.4072	0.4794	30s_Interval_AutoLog
sess_9ttx61r21	NCNU_User_1773630044390	2026-03-16T03:02:55.824Z	B	Victory	0	0.3151425912	0.3165256697	0.3652730521	TRUE	0.4364	0.618	0.3614	0.6105	0.4765	0.4849	0.368	0.4781	left
sess_9ttx61r21	NCNU_User_1773630044390	2026-03-16T03:02:56.597Z	B	Heart	0	0.7416833095	0.5179354956	0.4653959003	TRUE	0.6298	0.7081	0.6096	0.7083	0.6928	0.4987	0.5942	0.4988	
sess_9ttx61r21	NCNU_User_1773630044390	2026-03-16T03:02:57.777Z	B	Heart	0	1	0.3003083463	0.6448920788	TRUE	0.6218	0.5555	0.5708	0.5724	0.6823	0.506	0.5841	0.4987	
sess_9ttx61r21	NCNU_User_1773630044390	2026-03-16T03:03:00.060Z	B	Heart	0	0.8870888941	0.3561686273	0.5801765381	TRUE	0.4008	0.6476	0.4267	0.6482	0.4765	0.5181	0.3568	0.5111	
sess_9ttx61r21	NCNU_User_1773630044390	2026-03-16T03:03:00.713Z	B	Heart	0	0.5198396266	0.0480677224	0.5411121478	TRUE	0.3496	0.6295	0.329	0.6267	0.4207	0.4992	0.3312	0.5299	
sess_9ttx61r21	NCNU_User_1773630044390	2026-03-16T03:03:01.802Z	B	Victory	0.434470681	1	0.4417728105	0.7039971866	TRUE	0.5886	0.4238	0.3582	0.545	0.6761	0.4401	0.4923	0.3963	left
sess_9ttx61r21	NCNU_User_1773630044390	2026-03-16T03:03:02.135Z	B	Victory	0.4717220828	1	0.3451792128	0.7471177962	TRUE	0.7367	0.5854	0.5194	0.3165	0.6851	0.4111	0.5247	0.3851	right
sess_9ttx61r21	NCNU_User_1773630044390	2026-03-16T03:03:05.449Z	B	Victory	0.709030296	1	0.3041038894	0.8208212127	TRUE	0.5277	0.2483	0.3635	0.0684	0.6203	0.4485	0.4355	0.4146	left
sess_9ttx61r21	NCNU_User_1773630044390	2026-03-16T03:03:11.339Z	B	Heart	0	1	0.2575412935	0.6598605473	TRUE	0.7423	0.6684	0.7334	0.697	0.679	0.4316	0.5162	0.4282	
sess_9ttx61r21	NCNU_User_1773630044390	2026-03-16T03:03:14.431Z	B	Gull_Flap	1	1	0.7561671239	0.7353415066	TRUE	0.7915	0.3833	0.3117	0.3384	0.6228	0.4278	0.4844	0.4131	
sess_9ttx61r21	NCNU_User_1773630044390	2026-03-16T03:03:18.188Z	B	Heart	0	1	0.2389766594	0.6663581692	TRUE	0.7847	0.771	0.7862	0.7693	0.6139	0.443	0.4884	0.3913	
sess_9ttx61r21	NCNU_User_1773630044390	2026-03-16T03:03:21.234Z	B	Heart	0	0.7887994627	0.8833026603	0.356363854	TRUE	0.0687	0.3392	0.0689	0.2608	0.3945	0.5011	0.216	0.5022	
sess_9ttx61r21	NCNU_User_1773630044390	2026-03-16T03:03:21.748Z	B	Heart	0	0.9052949691	1	0.3621179877	TRUE	0.0861	0.2511	0.0841	0.2529	0.4097	0.5205	0.219	0.5451	
sess_9ttx61r21	NCNU_User_1773630044390	2026-03-16T03:03:24.007Z	B	Heart	0	0.9845049383	0.940875267	0.4144956319	TRUE	0.7542	0.5308	0.7537	0.5305	0.6121	0.5441	0.4402	0.4955	
sess_9ttx61r21	NCNU_User_1773630044390	2026-03-16T03:03:25.343Z	B	Dance_Continuous	0	0.9259975507	1	0.3703990203	TRUE	0.0336	0.2784	0.0335	0.2841	0.4008	0.4922	0.1953	0.555	30s_Interval_AutoLog
sess_9ttx61r21	NCNU_User_1773630044390	2026-03-16T03:03:25.736Z	B	Heart	0	0.3127475631	1	0.1250990252	TRUE	0.0294	0.2484	0.0305	0.2483	0.3859	0.4944	0.1609	0.5643	
sess_9ttx61r21	NCNU_User_1773630044390	2026-03-16T03:03:29.003Z	B	Heart	0	0.1994893926	1	0.07979575704	TRUE	0.1342	0.2999	0.134	0.2967	0.4864	0.5118	0.269	0.5088	
sess_9ttx61r21	NCNU_User_1773630044390	2026-03-16T03:03:30.476Z	B	Victory	0.1353859171	0.1712268358	1	0.1023372136	TRUE	0.5437	0.1036	0.3352	0.5351	0.5326	0.5166	0.3304	0.5311	left
sess_9ttx61r21	NCNU_User_1773630044390	2026-03-16T03:03:30.739Z	B	Victory	0	0.8012816381	0.9025996986	0.3546027607	TRUE	0.5974	0.8983	0.4645	0.7986	0.5952	0.5859	0.3743	0.5717	right
sess_9ttx61r21	NCNU_User_1773630044390	2026-03-16T03:03:33.772Z	B	Victory	0	0	1	0	TRUE	0.0224	0.0784	0.0018	0.2573	0.3554	0.49	0.1545	0.5141	right
sess_9ttx61r21	NCNU_User_1773630044390	2026-03-16T03:03:38.390Z	B	Victory	1	1	1	0.65	TRUE	0.9022	0.6653	0.0595	0.8791	0.5343	0.5455	0.2814	0.5885	left
sess_9ttx61r21	NCNU_User_1773630044390	2026-03-16T03:03:40.397Z	B	Victory	1	0.4617802149	1	0.4347120859	TRUE	0.9184	0.4743	0.1723	0.5109	0.4908	0.5391	0.2188	0.5929	left
sess_9ttx61r21	NCNU_User_1773630044390	2026-03-16T03:03:43.358Z	B	Victory	1	0	1	0.25	TRUE	0.7179	0.7401	0.0721	0.2524	0.5045	0.5426	0.2485	0.5438	right
sess_9ttx61r21	NCNU_User_1773630044390	2026-03-16T03:03:48.389Z	B	Victory	0	0.04485005338	0.774979627	0.09669715192	TRUE	0.5668	1.065	0.4435	0.8376	0.6711	0.5289	0.4617	0.554	right
sess_hsp1thrz1	NCNU_User_1773630228659	2026-03-16T03:03:58.537Z	B	Baseline_End	0.151613251	0	0.6192797602	0.1711553967	TRUE	0.7688	0.924	0.6698	0.8205	0.5635	0.5893	0.3485	0.578	baseline calibrated
sess_hsp1thrz1	NCNU_User_1773630228659	2026-03-16T03:04:05.354Z	B	Heart	0.1075548306	0.2216094797	1	0.1155324995	TRUE	0.818	0.7594	0.8296	0.8027	0.6668	0.6027	0.5125	0.6188	
sess_hsp1thrz1	NCNU_User_1773630228659	2026-03-16T03:04:06.022Z	B	Victory	0.3024399003	1	0.7835823046	0.5513561685	TRUE	0.6886	0.9779	0.6137	0.8649	0.6443	0.6223	0.3906	0.6144	right
sess_hsp1thrz1	NCNU_User_1773630228659	2026-03-16T03:04:10.573Z	B	Victory	0.4253790639	0.2008931197	1	0.1867020139	TRUE	0.1684	1.0072	-0.0123	0.9367	0.4728	0.6536	0.3255	0.6064	right
sess_hsp1thrz1	NCNU_User_1773630228659	2026-03-16T03:04:15.608Z	B	Victory	0.5434615356	0.7291235562	0.402865235	0.6365119742	TRUE	0.6512	0.3265	0.5372	0.3128	0.6957	0.5803	0.4435	0.589	right
sess_hsp1thrz1	NCNU_User_1773630228659	2026-03-16T03:04:18.172Z	B	Fireworks_Explosion	0.7124814262	0	0.4504678421	0.3704566118	TRUE	0.9689	0.9282	0.6305	0.9104	0.7066	0.5915	0.459	0.5836	right
sess_hsp1thrz1	NCNU_User_1773630228659	2026-03-16T03:04:19.410Z	B	Fireworks_Explosion	0.3705290669	0	0.9120124513	0.1234279088	TRUE	0.5446	0.5599	0.282	0.4929	0.536	0.5665	0.2917	0.5985	left
sess_hsp1thrz1	NCNU_User_1773630228659	2026-03-16T03:04:22.904Z	B	Heart	0.6650630162	0	0.7061670262	0.2691072949	TRUE	0.0771	0.6365	0.0667	0.7225	0.1483	0.3943	-0.0182	0.3632	
sess_hsp1thrz1	NCNU_User_1773630228659	2026-03-16T03:04:24.395Z	B	Victory	0.9771015865	0	1	0.2442753966	TRUE	0.539	0.8455	0.2706	0.8836	0.6115	0.7509	0.3746	0.7254	left
sess_unajw5gku	NCNU_User_1773630268251	2026-03-16T03:04:32.923Z	B	Victory	0.5	0.5	0.5	0.5	FALSE	0.875	0.1898	0.4398	0.3456	0.7177	0.6046	0.4885	0.5903	right
sess_unajw5gku	NCNU_User_1773630268251	2026-03-16T03:04:33.307Z	B	Victory	0.5	0.5	0.5	0.5	FALSE	0.9287	0.2931	0.4315	0.6862	0.6953	0.5859	0.4711	0.5853	left
sess_unajw5gku	NCNU_User_1773630268251	2026-03-16T03:04:35.332Z	B	Victory	0.5	0.5	0.5	0.5	FALSE	0.9438	0.2741	0.4977	0.616	0.7145	0.5988	0.479	0.5732	left
sess_unajw5gku	NCNU_User_1773630268251	2026-03-16T03:04:37.777Z	B	Baseline_End	0.3129348748	0.5479090901	0.4501225826	0.4898544508	TRUE	0.7986	1.1431	0.4807	0.9159	0.7538	0.6606	0.5119	0.6292	baseline calibrated
sess_unajw5gku	NCNU_User_1773630268251	2026-03-16T03:04:58.934Z	B	Fireworks_Explosion	0.1373638625	0.8476503174	0	0.7234010926	TRUE	0.6367	0.6014	0.4543	0.6303	0.5826	0.474	0.3947	0.4657	right
sess_unajw5gku	NCNU_User_1773630268251	2026-03-16T03:05:00.252Z	B	Fireworks_Explosion	0	0.6506331095	0	0.6102532438	TRUE	0.6563	0.7493	0.625	0.7594	0.5654	0.5744	0.4092	0.6192	right
sess_5ecrk6m80	NCNU_User_1773630301151	2026-03-16T03:05:01.654Z	B	Heart	0.5	0.5	0.5	0.5	FALSE	0.4693	0.726	0.4508	0.6388	0.6063	0.5583	0.4408	0.5542	
sess_5ecrk6m80	NCNU_User_1773630301151	2026-03-16T03:05:10.609Z	B	Victory	0.5	0.5	0.5	0.5	FALSE	0.7892	0.5324	0.4382	0.4386	0.5881	0.6339	0.3973	0.6102	right
sess_5ecrk6m80	NCNU_User_1773630301151	2026-03-16T03:05:11.138Z	B	Baseline_End	0.8555534794	0.2852721516	0.6451211768	0.4522048186	TRUE	0.6048	0.7183	0.3972	0.5313	0.5906	0.6128	0.391	0.628	baseline calibrated
sess_5ecrk6m80	NCNU_User_1773630301151	2026-03-16T03:05:18.016Z	B	Heart	0.2295535991	0	1	0.05738839978	TRUE	0.4336	0.6769	0.4333	0.6702	0.615	0.5702	0.4437	0.5686	
sess_5ecrk6m80	NCNU_User_1773630301151	2026-03-16T03:05:21.967Z	B	Heart	0.122124925	0.07474998594	0.3325655231	0.2940332925	TRUE	0.4513	0.6389	0.4043	0.6426	0.612	0.5827	0.4416	0.5584	
sess_5ecrk6m80	NCNU_User_1773630301151	2026-03-16T03:05:26.239Z	B	Fireworks_Explosion	0.156485449	0.3037933639	0.101676012	0.4750521036	TRUE	0.6145	0.5528	0.4869	0.5058	0.5473	0.5965	0.3699	0.6241	left
sess_5ecrk6m80	NCNU_User_1773630301151	2026-03-16T03:05:27.643Z	B	Victory	0.3091761382	0	1	0.07729403455	TRUE	0.3033	0.6733	0.2236	0.3678	0.5778	0.6001	0.4083	0.5582	left
sess_5ecrk6m80	NCNU_User_1773630301151	2026-03-16T03:05:27.921Z	B	Victory	0.06434437298	0	0.8962864703	0.05238582864	TRUE	0.3199	0.66	0.3227	0.6551	0.5707	0.6507	0.4183	0.5997	right
sess_5ecrk6m80	NCNU_User_1773630301151	2026-03-16T03:05:30.397Z	B	Heart	0.07808612933	0	0.9461083979	0.03838359307	TRUE	0.3789	0.5025	0.3345	0.4505	0.5645	0.6344	0.3836	0.5945	
sess_5ecrk6m80	NCNU_User_1773630301151	2026-03-16T03:05:34.588Z	B	Victory	0.3428826262	0.01534331043	0	0.4418579807	TRUE	0.7784	0.7184	0.5027	0.8011	0.6418	0.6123	0.4588	0.6384	left
sess_5ecrk6m80	NCNU_User_1773630301151	2026-03-16T03:05:41.188Z	B	Dance_Continuous	0.4373667626	0.198237713	0.008465747742	0.5356737642	TRUE	0.8931	0.5159	0.7427	0.399	0.9806	0.362	0.8313	0.3231	30s_Interval_AutoLog
sess_5ecrk6m80	NCNU_User_1773630301151	2026-03-16T03:05:42.875Z	B	Victory	0.2967558238	0.1613125117	0.764382232	0.2211801794	TRUE	0.7283	0.3596	0.5397	0.3588	0.7054	0.3399	0.5414	0.3373	left
sess_5ecrk6m80	NCNU_User_1773630301151	2026-03-16T03:05:43.476Z	B	Victory	0.346033654	0.815774869	0	0.7628183611	TRUE	0.8334	0.4716	0.5772	0.3976	0.8045	0.3371	0.6425	0.3467	right
sess_5ecrk6m80	NCNU_User_1773630301151	2026-03-16T03:05:44.173Z	B	Fireworks_Explosion	0.4361392833	0.2337994235	0	0.5525545902	TRUE	0.8676	0.4255	0.6167	0.4269	0.8746	0.2965	0.7095	0.2854	left
sess_5ecrk6m80	NCNU_User_1773630301151	2026-03-16T03:05:45.432Z	B	Victory	0.2811533674	0.68301966	0.7772458434	0.4214601607	TRUE	0.3425	0.3477	0.2586	0.3188	0.4134	0.3683	0.2992	0.3913	left
sess_5ecrk6m80	NCNU_User_1773630301151	2026-03-16T03:05:45.676Z	B	Heart	0.177292719	0	0.8208136435	0.1070384045	TRUE	0.2557	0.5322	0.2982	0.5654	0.3429	0.4037	0.219	0.4219	
sess_5ecrk6m80	NCNU_User_1773630301151	2026-03-16T03:05:47.451Z	B	Heart	0.02836435041	0	0.1690752564	0.2979147479	TRUE	0.1528	0.4921	0.1156	0.4228	0.3009	0.4728	0.1571	0.4727	
sess_5ecrk6m80	NCNU_User_1773630301151	2026-03-16T03:05:48.054Z	B	Victory	0.0004971342448	0.4303749524	0.02745249849	0.5126658901	TRUE	0.175	0.4545	0.1079	0.4686	0.2995	0.4858	0.1462	0.4888	left
sess_5ecrk6m80	NCNU_User_1773630301151	2026-03-16T03:05:50.070Z	B	Heart	0	0.3285728311	0	0.4814291325	TRUE	0.1554	0.5318	0.1052	0.5	0.2986	0.4785	0.1478	0.4889	
sess_5ecrk6m80	NCNU_User_1773630301151	2026-03-16T03:05:51.348Z	B	Heart	0	0.6570785947	0	0.6128314379	TRUE	0.1188	0.6481	0.1216	0.6551	0.2974	0.4864	0.15	0.4895	
sess_5ecrk6m80	NCNU_User_1773630301151	2026-03-16T03:05:51.640Z	B	Victory	0	0.5627542375	0	0.575101695	TRUE	0.1721	0.5092	0.0776	0.5155	0.2973	0.4844	0.1451	0.489	left
sess_5ecrk6m80	NCNU_User_1773630301151	2026-03-16T03:05:51.903Z	B	Heart	0	0.4070483374	0	0.512819335	TRUE	0.1137	0.6613	0.1412	0.6415	0.2955	0.4887	0.1467	0.4896	
sess_5ecrk6m80	NCNU_User_1773630301151	2026-03-16T03:05:58.507Z	B	Heart	0.480144952	0.528448873	0.464946858	0.5186843869	TRUE	0.4209	0.5511	0.425	0.5523	0.4281	0.4911	0.4508	0.4874	
sess_5ecrk6m80	NCNU_User_1773630301151	2026-03-16T03:06:00.051Z	B	Victory	0.4852006435	0	1	0.1213001609	TRUE	0.4486	0.6298	0.6732	0.3041	0.4787	0.7531	0.6778	0.6341	right
sess_5ecrk6m80	NCNU_User_1773630301151	2026-03-16T03:06:02.343Z	B	Heart	0.0291629559	0	1	0.007290738975	TRUE	0.4786	0.4639	0.4332	0.5	0.6126	0.1287	0.4108	0.114	
sess_5ecrk6m80	NCNU_User_1773630301151	2026-03-16T03:06:04.308Z	B	Heart	0.0188661973	0	0.6583154269	0.1243061499	TRUE	0.468	0.8238	0.4206	0.8713	0.5631	0.3192	0.3506	0.3158	
sess_r5142wa25	NCNU_User_1773630364569	2026-03-16T03:06:14.580Z	B	Baseline_End	1	0.2480666342	0.8061939076	0.417058786	TRUE	0.9469	0.1547	0.5669	0.5162	0.5889	0.2481	0.3537	0.2854	baseline calibrated
sess_r5142wa25	NCNU_User_1773630364569	2026-03-16T03:06:16.240Z	B	Heart	0.2058121716	0.5118330766	0	0.6061862735	TRUE	0.2989	0.3502	0.2606	0.3781	0.5382	0.2838	0.3036	0.2527	
sess_r5142wa25	NCNU_User_1773630364569	2026-03-16T03:06:18.710Z	B	Victory	0.3800536396	0.6132391513	0.1939611513	0.6224226675	TRUE	0.5113	0.1899	0.2318	0.4475	0.5838	0.25	0.3485	0.2404	left
sess_r5142wa25	NCNU_User_1773630364569	2026-03-16T03:06:20.241Z	B	Fireworks_Explosion	0.5420646796	0.5059464402	0.5995190097	0.4780630926	TRUE	0.4872	0.0398	0.2382	0.1751	0.5275	0.2929	0.2909	0.2699	left
sess_r5142wa25	NCNU_User_1773630364569	2026-03-16T03:06:20.575Z	B	Victory	0.7657303437	0.3398607109	0.5285473328	0.4923853038	TRUE	0.5622	0.0298	0.0782	0.1634	0.5263	0.2805	0.2801	0.2718	right
sess_r5142wa25	NCNU_User_1773630364569	2026-03-16T03:06:21.225Z	B	Victory	1	0.3097846891	0.5340171941	0.5370078577	TRUE	0.6046	0.093	0.0129	0.2865	0.5277	0.2709	0.2734	0.2661	left
sess_r5142wa25	NCNU_User_1773630364569	2026-03-16T03:06:24.459Z	B	Fireworks_Explosion	0.4905795131	0.5348685674	0.5943030508	0.4785862375	TRUE	0.5508	-0.0304	0.2309	0.1268	0.5453	0.2773	0.2977	0.2621	left
sess_r5142wa25	NCNU_User_1773630364569	2026-03-16T03:06:25.246Z	B	Victory	0.9534242416	0.2513901081	1	0.3389121037	TRUE	0.5268	0.126	0.1083	0.306	0.5302	0.2619	0.2779	0.2605	left
sess_r5142wa25	NCNU_User_1773630364569	2026-03-16T03:06:29.369Z	B	Fireworks_Explosion	0.5218262285	0.5988184194	0.8408943042	0.4256709184	TRUE	0.6055	-0.0678	0.2845	0.0427	0.5869	0.2812	0.3417	0.2506	left
sess_r5142wa25	NCNU_User_1773630364569	2026-03-16T03:06:30.319Z	B	Victory	0.8276932686	0.6676255615	0.4349232419	0.6717504071	TRUE	0.5645	-0.0549	0.2163	0.0408	0.5734	0.253	0.3116	0.2328	right
sess_r5142wa25	NCNU_User_1773630364569	2026-03-16T03:06:34.534Z	B	Fireworks_Explosion	0.3372313504	0.1424822873	1	0.1413007525	TRUE	0.5422	0.4037	0.3979	0.5567	0.5978	0.2966	0.3505	0.2924	right
sess_r5142wa25	NCNU_User_1773630364569	2026-03-16T03:06:34.824Z	B	Fireworks_Explosion	0.2897210734	0.4762170654	0.896680721	0.2990788422	TRUE	0.5093	0.5479	0.3866	0.636	0.5789	0.2953	0.3288	0.2783	left
sess_r5142wa25	NCNU_User_1773630364569	2026-03-16T03:06:44.590Z	B	Dance_Continuous	0.2447236525	0.2472033691	0.6295187152	0.2897307104	TRUE	0.5367	0.9401	0.3351	0.9598	0.5998	0.3201	0.3347	0.3157	30s_Interval_AutoLog
sess_r5142wa25	NCNU_User_1773630364569	2026-03-16T03:06:46.569Z	B	Fireworks_Explosion	0.1913959049	0.8975434863	0.01651562637	0.7510859015	TRUE	0.5605	0.7705	0.4421	0.8762	0.6146	0.3084	0.361	0.285	left
sess_r5142wa25	NCNU_User_1773630364569	2026-03-16T03:06:51.647Z	B	Fireworks_Explosion	0.4082960484	0.3134802239	0.6838314121	0.3381251074	TRUE	0.5236	0.1797	0.36	0.4039	0.5779	0.2813	0.307	0.274	left
sess_r5142wa25	NCNU_User_1773630364569	2026-03-16T03:06:52.300Z	B	Fireworks_Explosion	0.4135179438	0.2250475605	0.5845533441	0.3388048397	TRUE	0.5452	0.2133	0.3475	0.3343	0.5902	0.3011	0.3255	0.2929	right
sess_r5142wa25	NCNU_User_1773630364569	2026-03-16T03:06:57.032Z	B	Victory	0.2183112083	0.2838404286	0.1628084565	0.4611310138	TRUE	0.5894	0.6444	0.4791	0.7299	0.6009	0.3052	0.3559	0.269	left
sess_r5142wa25	NCNU_User_1773630364569	2026-03-16T03:07:03.323Z	B	Heart	0.238221484	0.3068683915	0.7512946412	0.2693496032	TRUE	0.4577	0.472	0.4109	0.4919	0.5721	0.2887	0.2999	0.2665	
sess_r5142wa25	NCNU_User_1773630364569	2026-03-16T03:07:08.090Z	B	Fireworks_Explosion	0.09594345866	0.2250678074	0.7979794217	0.18472019	TRUE	0.5461	0.5709	0.3896	0.6001	0.5964	0.2878	0.3368	0.2494	left
sess_r5142wa25	NCNU_User_1773630364569	2026-03-16T03:07:08.853Z	B	Fireworks_Explosion	0.3789214816	0.3933842427	0.3221191798	0.4893423546	TRUE	0.6013	0.3024	0.2957	0.4293	0.5938	0.2831	0.3236	0.2507	left
sess_r5142wa25	NCNU_User_1773630364569	2026-03-16T03:07:09.305Z	B	Fireworks_Explosion	0.5419503903	0.6045778322	0.1101839895	0.6887543341	TRUE	0.6194	0.0998	0.2856	0.2289	0.5873	0.3027	0.3077	0.2612	right
sess_r5142wa25	NCNU_User_1773630364569	2026-03-16T03:07:09.725Z	B	Fireworks_Explosion	0.5642808719	0.4700705492	0.2110585918	0.6052279305	TRUE	0.5962	0.156	0.2799	0.2949	0.5885	0.2897	0.3089	0.2626	left
sess_r5142wa25	NCNU_User_1773630364569	2026-03-16T03:07:11.257Z	B	Heart	0.05459930738	0.3434408054	0.639445757	0.2772201341	TRUE	0.4613	0.3601	0.4214	0.3669	0.5782	0.2902	0.3005	0.2727	
sess_r5142wa25	NCNU_User_1773630364569	2026-03-16T03:07:11.768Z	B	Victory	0	0.2711875266	0.7436188992	0.1982083959	TRUE	0.4388	0.2803	0.4204	0.2714	0.5783	0.2714	0.3048	0.2583	right
sess_r5142wa25	NCNU_User_1773630364569	2026-03-16T03:07:12.431Z	B	Fireworks_Explosion	0	0.2475888134	0.6211898591	0.2316190747	TRUE	0.4059	0.1192	0.39	0.1477	0.5695	0.2489	0.3078	0.249	left
sess_r5142wa25	NCNU_User_1773630364569	2026-03-16T03:07:14.636Z	B	Dance_Continuous	0	0.07109081888	1	0.02843632755	TRUE	0.4609	0.8919	0.4463	0.8909	0.5795	0.2991	0.3106	0.2696	30s_Interval_AutoLog
sess_r5142wa25	NCNU_User_1773630364569	2026-03-16T03:07:20.501Z	B	Heart	0	0.5631002117	0.6817617703	0.3366234651	TRUE	0.4664	1.0318	0.4629	1.0005	0.6063	0.3128	0.3381	0.284	
sess_r5142wa25	NCNU_User_1773630364569	2026-03-16T03:07:22.424Z	B	Victory	0.1738408364	0.2778030368	0.176665216	0.4427485982	TRUE	0.2134	0.4648	0.0151	0.4785	0.5984	0.2576	0.3527	0.2251	right
sess_r5142wa25	NCNU_User_1773630364569	2026-03-16T03:07:24.079Z	B	Victory	0.1479380182	0.8446874599	0	0.7248594885	TRUE	0.4031	0.1423	0.3898	0.1797	0.6065	0.268	0.3516	0.2338	left
sess_r5142wa25	NCNU_User_1773630364569	2026-03-16T03:07:24.810Z	B	Victory	0	0.1575803946	0.8442615643	0.1175406103	TRUE	0.4189	0.2559	0.4318	0.2444	0.6103	0.2802	0.3444	0.2378	right
sess_r5142wa25	NCNU_User_1773630364569	2026-03-16T03:07:26.355Z	B	Heart	0.05649441156	1	0	0.7641236029	TRUE	0.5734	0.8773	0.574	0.8755	0.5034	0.1999	0.3303	0.1476	
sess_r5142wa25	NCNU_User_1773630364569	2026-03-16T03:07:29.746Z	B	Victory	0.8190428494	0.7627870662	0.3149204896	0.7496533675	TRUE	0.7396	0.7301	0.4459	0.6989	0.7009	0.5817	0.5026	0.602	right
sess_r5142wa25	NCNU_User_1773630364569	2026-03-16T03:07:32.243Z	B	Victory	1	1	0	1	TRUE	0.8119	0.4526	0.3049	0.6334	0.6805	0.4501	0.4893	0.5042	right
sess_r5142wa25	NCNU_User_1773630364569	2026-03-16T03:07:34.414Z	B	Gull_Flap	1	0.7499092359	0.02747907917	0.8903460166	TRUE	0.914	0.2104	0.271	0.453	0.6828	0.4261	0.4903	0.4815	
sess_r5142wa25	NCNU_User_1773630364569	2026-03-16T03:07:34.926Z	B	Victory	1	0.7517046455	0.9005753628	0.5854804812	TRUE	0.9856	0.3716	0.1925	0.673	0.6809	0.4291	0.4915	0.4874	right
sess_o5y3imimz	NCNU_User_1773630454996	2026-03-16T03:07:37.851Z	B	Victory	0.5	0.5	0.5	0.5	FALSE	0.9064	0.846	0.3445	0.9425	0.6861	0.4544	0.5003	0.5015	left
sess_o5y3imimz	NCNU_User_1773630454996	2026-03-16T03:07:41.547Z	B	Victory	0.5	0.5	0.5	0.5	FALSE	0.7682	0.4282	0.2592	0.6658	0.5878	0.4113	0.4004	0.4629	right
sess_o5y3imimz	NCNU_User_1773630454996	2026-03-16T03:07:44.401Z	B	Baseline_End	0.6896952147	0	0.7384423469	0.2639689823	TRUE	0.8059	-0.0238	0.2081	0.1902	0.5893	0.3715	0.3931	0.4618	baseline calibrated
sess_o5y3imimz	NCNU_User_1773630454996	2026-03-16T03:07:44.665Z	B	Dance_Continuous	0.7629699239	0	1	0.190742481	TRUE	0.8531	-0.0187	0.1241	0.3851	0.5858	0.3657	0.3952	0.4633	30s_Interval_AutoLog
sess_o5y3imimz	NCNU_User_1773630454996	2026-03-16T03:07:45.361Z	B	Victory	0.9357878151	0	0.6002004328	0.3738768023	TRUE	0.8289	0.0408	0.183	0.4946	0.5848	0.3678	0.3966	0.4687	right
sess_o5y3imimz	NCNU_User_1773630454996	2026-03-16T03:07:46.940Z	B	Victory	0.9187127518	0.5548840902	0.4116334546	0.6575601149	TRUE	0.879	0.5548	0.2086	0.9314	0.5898	0.3846	0.4086	0.4686	left
sess_o5y3imimz	NCNU_User_1773630454996	2026-03-16T03:07:48.475Z	B	Victory	0.1972042801	0.2963189678	0.966387915	0.1795928869	TRUE	0.7956	0.3709	0.3235	0.5733	0.593	0.4008	0.4099	0.4691	right
sess_o5y3imimz	NCNU_User_1773630454996	2026-03-16T03:07:50.692Z	B	Victory	0.5989021957	0.06407854383	1	0.1753569665	TRUE	0.7291	0.538	0.1035	0.6574	0.5913	0.3869	0.4087	0.4539	right
sess_o5y3imimz	NCNU_User_1773630454996	2026-03-16T03:07:53.262Z	B	Victory	0.3810822541	0.7795202273	0.5715549131	0.5570344349	TRUE	0.7605	0.3181	0.2358	0.5187	0.5895	0.4013	0.4005	0.4665	right
sess_o5y3imimz	NCNU_User_1773630454996	2026-03-16T03:07:55.368Z	B	Victory	0.4238111521	0.5309353682	0.3005099519	0.5631484521	TRUE	0.7631	0.1801	0.2635	0.333	0.5921	0.3886	0.4004	0.4538	right
sess_o5y3imimz	NCNU_User_1773630454996	2026-03-16T03:07:58.070Z	B	Victory	0.844699515	0	1	0.2111748787	TRUE	0.837	0.3176	0.1525	0.5393	0.5849	0.394	0.4011	0.462	right
sess_o5y3imimz	NCNU_User_1773630454996	2026-03-16T03:08:01.849Z	B	Victory	0.9267492154	0.6512428968	0.8444042892	0.5466429613	TRUE	0.849	0.155	0.2304	0.5728	0.5838	0.3839	0.3983	0.4581	right
sess_o5y3imimz	NCNU_User_1773630454996	2026-03-16T03:08:04.091Z	B	Victory	0.5055568306	0.6052857438	0.9164235793	0.3977552524	TRUE	0.7977	-0.0105	0.2347	0.2347	0.5872	0.3689	0.4014	0.4461	right
sess_o5y3imimz	NCNU_User_1773630454996	2026-03-16T03:08:06.893Z	B	Victory	0.2662827318	0.2123399262	1	0.1515066534	TRUE	0.7997	0.6146	0.3012	0.903	0.5713	0.3827	0.3928	0.4825	left
sess_o5y3imimz	NCNU_User_1773630454996	2026-03-16T03:08:08.054Z	B	Gull_Flap	0	0	1	0	TRUE	0.6956	0.6063	0.5869	0.4987	0.6145	0.623	0.6069	0.5401	
sess_o5y3imimz	NCNU_User_1773630454996	2026-03-16T03:08:09.335Z	B	Victory	0	0.1327572485	0.8404511422	0.1089449996	TRUE	0.4209	0.8995	0.4134	0.7595	0.5315	0.4513	0.3495	0.4358	left
sess_o5y3imimz	NCNU_User_1773630454996	2026-03-16T03:08:10.872Z	B	Heart	0	0.4829631377	0.2140273355	0.4682756877	TRUE	0.4366	0.5559	0.4334	0.633	0.5366	0.4509	0.3357	0.437	
sess_o5y3imimz	NCNU_User_1773630454996	2026-03-16T03:08:14.712Z	B	Dance_Continuous	0	0.4434686639	0.5912590092	0.3204468123	TRUE	0.4365	0.438	0.3737	0.6675	0.6241	0.2058	0.4089	0.1957	30s_Interval_AutoLog
sess_o5y3imimz	NCNU_User_1773630454996	2026-03-16T03:08:15.045Z	B	Fireworks_Explosion	0	0.2277537781	0.9375126394	0.1129720874	TRUE	0.5067	0.3665	0.3808	0.3549	0.6147	0.2276	0.4095	0.2186	left
sess_1fyzizm7t	NCNU_User_1773630496590	2026-03-16T03:08:25.396Z	B	Baseline_End	0.6530137135	0	0.8173972161	0.2271644028	TRUE	0.9437	0.4377	0.0669	0.1376	0.6208	0.2108	0.4092	0.1732	baseline calibrated
sess_1fyzizm7t	NCNU_User_1773630496590	2026-03-16T03:08:44.725Z	B	Dance_Continuous	1	0.03663197776	0.4245507421	0.4660600314	TRUE	1.0221	0.736	-0.0281	0.2821	0.6178	0.2235	0.4069	0.1742	30s_Interval_AutoLog
sess_1fyzizm7t	NCNU_User_1773630496590	2026-03-16T03:08:51.366Z	B	Heart	0	0.1709986254	0.4017663595	0.2777812243	TRUE	0.5611	0.242	0.5366	0.2058	0.5524	0.2238	0.4623	0.2124	
sess_1fyzizm7t	NCNU_User_1773630496590	2026-03-16T03:08:52.229Z	B	Victory	0	0.0213776449	1	0.008551057959	TRUE	0.5743	0.1424	0.646	0.1299	0.545	0.065	0.4025	0.0556	right
sess_vq9gaje84	NCNU_User_1773630536771	2026-03-16T03:08:59.031Z	B	Heart	0.5	0.5	0.5	0.5	FALSE	0.4206	0.3008	0.4083	0.3279	0.5486	0.1646	0.3865	0.1703	
sess_vq9gaje84	NCNU_User_1773630536771	2026-03-16T03:09:02.288Z	B	Victory	0.5	0.5	0.5	0.5	FALSE	0.6356	-0.0286	0.0464	-0.0531	0.4446	0.4669	0.2759	0.4853	left
sess_vq9gaje84	NCNU_User_1773630536771	2026-03-16T03:09:02.699Z	B	Gull_Flap	0.5	0.5	0.5	0.5	FALSE	0.6457	0.0374	0.1014	0.0308	0.4587	0.5087	0.3071	0.5277	
sess_vq9gaje84	NCNU_User_1773630536771	2026-03-16T03:09:04.063Z	B	Fireworks_Explosion	0.5	0.5	0.5	0.5	FALSE	0.4944	0.6121	0.2777	0.546	0.4532	0.654	0.2802	0.6546	left
sess_vq9gaje84	NCNU_User_1773630536771	2026-03-16T03:09:06.660Z	B	Baseline_End	0.8742883971	0.4927781339	0.87807146	0.4583583418	TRUE	0.5989	-0.0074	0.3102	0.6122	0.4952	0.5269	0.3467	0.5771	baseline calibrated
sess_vq9gaje84	NCNU_User_1773630536771	2026-03-16T03:09:11.415Z	B	Fireworks_Explosion	0.1825250487	0.4276839623	0.7471214176	0.3052123509	TRUE	0.4912	0.1928	0.2804	0.2069	0.5026	0.5578	0.3361	0.5603	right
sess_vq9gaje84	NCNU_User_1773630536771	2026-03-16T03:09:14.763Z	B	Dance_Continuous	0.2411771304	1	0.09936754339	0.7755156424	TRUE	0.617	0.7344	0.393	0.5677	0.5197	0.5748	0.3475	0.5665	30s_Interval_AutoLog
sess_vq9gaje84	NCNU_User_1773630536771	2026-03-16T03:09:17.619Z	B	Victory	0.2462472998	0.01458791038	0.9279277952	0.09262226078	TRUE	0.4706	0.4226	0.4269	0.4637	0.5351	0.5464	0.3627	0.5413	left
sess_vq9gaje84	NCNU_User_1773630536771	2026-03-16T03:09:18.195Z	B	Fireworks_Explosion	0	0	0.6407084254	0.1257520511	TRUE	0.4388	0.4159	0.4275	0.4192	0.5183	0.5532	0.3498	0.553	right
sess_vq9gaje84	NCNU_User_1773630536771	2026-03-16T03:09:19.800Z	B	Heart	0.03511917144	0.842183835	0.2445812128	0.6100499024	TRUE	0.3812	0.3079	0.4254	0.3353	0.5374	0.5308	0.379	0.5354	
sess_vq9gaje84	NCNU_User_1773630536771	2026-03-16T03:09:21.623Z	B	Heart	0.002277620602	0.3908032612	0.4839508982	0.3375078953	TRUE	0.5058	0.2191	0.4595	0.1955	0.5203	0.5272	0.3636	0.5102	
sess_vq9gaje84	NCNU_User_1773630536771	2026-03-16T03:09:29.106Z	B	Heart	0.1663747096	0.9814850797	1	0.4341877093	TRUE	0.6557	0.6798	0.6454	0.7466	0.5202	0.5547	0.4203	0.5734	
sess_vq9gaje84	NCNU_User_1773630536771	2026-03-16T03:09:30.744Z	B	Heart	0.09447496948	1	1	0.4236187424	TRUE	0.3894	0.5567	0.3892	0.5527	0.5412	0.5617	0.4023	0.5429	
sess_vq9gaje84	NCNU_User_1773630536771	2026-03-16T03:09:31.248Z	B	Victory	0.1326472697	0.3899331723	1	0.1891350864	TRUE	0.3368	0.3957	0.3099	0.6364	0.5055	0.5748	0.3854	0.5217	left
sess_vq9gaje84	NCNU_User_1773630536771	2026-03-16T03:09:32.248Z	B	Heart	0.09383787654	0.9046608865	0.7979323816	0.4560474902	TRUE	0.3884	0.6245	0.3573	0.6969	0.5039	0.5302	0.3578	0.5254	
sess_vq9gaje84	NCNU_User_1773630536771	2026-03-16T03:09:34.394Z	B	Gull_Flap	0.7976149099	0.1524736888	1	0.260393203	TRUE	0.7366	0.2504	0.2191	0.0301	0.5614	0.5103	0.4081	0.4959	
sess_vq9gaje84	NCNU_User_1773630536771	2026-03-16T03:09:35.208Z	B	Victory	1	0.7735429947	0.5095721743	0.7310669369	TRUE	0.7963	0.68	0.0487	0.6878	0.5734	0.5485	0.3981	0.5314	left
sess_vq9gaje84	NCNU_User_1773630536771	2026-03-16T03:09:39.813Z	B	Heart	0.7175033558	0	1	0.179375839	TRUE	0.1241	0.3911	0.1246	0.3923	0.1828	0.4418	0.1482	0.4318	
sess_vq9gaje84	NCNU_User_1773630536771	2026-03-16T03:09:44.733Z	B	Heart	0.4136164592	0	1	0.1034041148	TRUE	0.4863	0.5966	0.4445	0.6579	0.5299	0.5152	0.4806	0.5007	
sess_vq9gaje84	NCNU_User_1773630536771	2026-03-16T03:09:50.732Z	B	Victory	0.3670800982	0	1	0.09177002456	TRUE	0.487	0.6032	0.447	0.6601	0.5301	0.5134	0.4809	0.4991	left
sess_gohw6pkiq	anonymous	2026-03-16T03:09:57.993Z	B	Victory	0.5	0.5	0.5	0.5	FALSE	0.2205	0.5764	0.2207	0.5767	0.2056	0.3899	0.2125	0.3936	left
sess_gohw6pkiq	anonymous	2026-03-16T03:10:06.152Z	B	Baseline_End	0.6453047709	0.3902313727	0.4351301984	0.5151231724	TRUE	0.1799	0.6269	0.0726	0.6457	0.1467	0.4339	0.0809	0.4298	baseline calibrated
sess_gohw6pkiq	anonymous	2026-03-16T03:10:07.543Z	B	Heart	0.4706081265	0.4161208398	0.8095352943	0.3507630145	TRUE	0.7334	0.6054	0.7015	0.6746	0.7861	0.5182	0.7289	0.5075	
sess_gohw6pkiq	anonymous	2026-03-16T03:10:22.515Z	B	Dance_Continuous	0.3274903749	0	1	0.08187259373	TRUE	0.734	0.6089	0.7032	0.672	0.7878	0.5169	0.7309	0.5033	30s_Interval_AutoLog
sess_gohw6pkiq	anonymous	2026-03-16T03:10:41.060Z	B	Heart	0.2748454674	0.8700081521	0.2464165943	0.6804688197	TRUE	0.7373	0.5145	0.7039	0.5664	0.7813	0.5109	0.7275	0.5055	
sess_gohw6pkiq	anonymous	2026-03-16T03:10:42.604Z	B	Heart	0.1424809169	0.620890105	0.08791066125	0.6032075398	TRUE	0.7281	0.6083	0.7065	0.6664	0.789	0.518	0.733	0.5023	
sess_gohw6pkiq	anonymous	2026-03-16T03:10:52.560Z	B	Dance_Continuous	0.223666403	0	1	0.05591660076	TRUE	0.7308	0.6231	0.704	0.6727	0.7887	0.518	0.7331	0.5038	30s_Interval_AutoLog
sess_gohw6pkiq	anonymous	2026-03-16T03:11:00.715Z	B	Victory	0.4897947519	0.3606244454	0.5340341236	0.4297865229	TRUE	0.117	0.5411	0.0749	0.6015	0.0913	0.4272	0.0284	0.4368	left
sess_gohw6pkiq	anonymous	2026-03-16T03:11:01.092Z	B	Heart	0.4284048371	0.4827911852	0.2885104857	0.5492390133	TRUE	0.1398	0.5073	0.0991	0.5572	0.0872	0.4178	0.0272	0.4404	
sess_gohw6pkiq	anonymous	2026-03-16T03:11:03.206Z	B	Heart	0.3357473955	0.5544788522	0.4001943504	0.5156603671	TRUE	0.1539	0.6296	0.0989	0.617	0.1386	0.4283	0.0798	0.427	
sess_gohw6pkiq	anonymous	2026-03-16T03:11:03.586Z	B	Victory	0.3436802203	0.401267519	0.4606493172	0.4351998017	TRUE	0.1504	0.6438	0.0725	0.6478	0.14	0.4308	0.0814	0.4271	right
sess_gohw6pkiq	anonymous	2026-03-16T03:11:07.512Z	B	Heart	0.3394947732	0.2630574392	0.7907110298	0.2633478086	TRUE	0.0501	0.6453	0.0511	0.6457	0.0651	0.4392	0.0151	0.4332	
