sessionId,shape_n,weight_n,flow_n,kt,SubjectID,Timestamp,SAM_Valence,SAM_Arousal,SAM_Dominance,MVM_Q1(Weight),MVM_Q2(Time),MVM_Q3(CrossModal),MVM_Q4(Intuition),MVM_Q5(Aesthetics),SUS_Q1,SUS_Q2,SUS_Q3,SUS_Q4,SUS_Q5,SUS_Q6,SUS_Q7,SUS_Q8,SUS_Q9,SUS_Q10,SUS_Score,Qual_Q1,Qual_Q2,Age,Gender,SessionID
sess_1ho7dln6j,0.3818764778600877,0.619521594321228,0.35666260589017545,0.5684458451324561,S01,2026/3/10 下午 3:14:52,9.0,9.0,9.0,7.0,7.0,7.0,7.0,7.0,4.0,3.0,5.0,1.0,4.0,1.0,4.0,2.0,5.0,1.0,85.0,音樂,無,80 歲以上,女,sess_1ho7dln6j
sess_260xm8yax,0.35605477247603773,0.5754790917001886,0.415285597829434,0.5238553705664151,S32,2026/3/30 下午 1:16:44,9.0,9.0,9.0,7.0,7.0,7.0,7.0,7.0,3.0,4.0,5.0,1.0,5.0,1.0,5.0,1.0,5.0,3.0,82.5,比ya,很棒,80 歲以上,女,sess_260xm8yax
sess_2bckmgz3q,0.17972944786336284,0.7246456068061947,0.379431880746531,0.5519894464255752,S23,2026/3/30 上午 11:01:26,9.0,7.0,7.0,6.0,7.0,6.0,5.0,6.0,4.0,4.0,4.0,2.0,4.0,1.0,4.0,1.0,4.0,1.0,77.5,煙火,無,80 歲以上,女,sess_2bckmgz3q
sess_508yxouvm,0.5286863133472973,0.5844089429088919,0.3625584518108108,0.5890396973662162,S04,2026/3/10 下午 3:40:56,9.0,9.0,9.0,7.0,7.0,7.0,7.0,4.0,4.0,4.0,5.0,1.0,4.0,1.0,2.0,1.0,5.0,1.0,80.0,愛心,yt 可以再大一點 人可以別的顏色  ,50 – 59 歲,女,sess_508yxouvm
sess_5gzcwnr12,0.809062657346,0.31079028805066666,0.6460933396979167,0.4504491106602417,S28,2026/3/30 下午 1:08:18,8.0,6.0,4.0,7.0,7.0,7.0,7.0,7.0,3.0,4.0,4.0,1.0,4.0,1.0,1.0,1.0,4.0,2.0,67.5,鳥,無,60 – 69 歲,女,sess_5gzcwnr12
sess_5wppdidjf,0.24801304104388636,0.5186368471199999,0.5293755636299999,0.4341765518414773,S26,2026/3/30 上午 11:22:26,8.0,6.0,7.0,7.0,6.0,5.0,6.0,5.0,4.0,4.0,4.0,2.0,4.0,3.0,5.0,2.0,2.0,2.0,65.0,煙火,無,60 – 69 歲,男,sess_5wppdidjf
sess_78e1t0qqz,0.5354093151350754,0.5084211783380822,0.49709048680676027,0.5132391297367602,S13,2026/3/10 上午 11:24:21,9.0,5.0,9.0,4.0,5.0,7.0,7.0,7.0,4.0,3.0,5.0,5.0,3.0,3.0,4.0,1.0,3.0,2.0,62.5,音樂與身體的結合很有印象,覺得人的畫面太小可以變大一些,80 歲以上,女,sess_78e1t0qqz
sess_7jt26w6mo,0.5967931961133721,0.24784849490534885,0.4962333628918605,0.42465601997616276,S22,2026/3/30 上午 11:00:03,8.0,6.0,8.0,6.0,7.0,5.0,6.0,7.0,4.0,2.0,5.0,3.0,5.0,2.0,5.0,1.0,4.0,1.0,85.0,煙火,無,80 歲以上,男,sess_7jt26w6mo
sess_88xydg631,0.4954757255067857,0.8771654372071429,0.2716277519535714,0.729665393075,S10,2026/3/10 上午 11:19:08,9.0,9.0,8.0,5.0,6.0,6.0,6.0,6.0,3.0,2.0,4.0,4.0,4.0,4.0,4.0,2.0,4.0,4.0,57.5,煙火,加入表情,80 歲以上,女,sess_88xydg631
sess_9ecydic1q,0.21937005091171152,0.5937985516373077,0.4091804772499038,0.4991487663423654,S14,2026/3/10 上午 11:25:28,5.0,9.0,6.0,7.0,7.0,5.0,5.0,7.0,4.0,4.0,4.0,4.0,4.0,2.0,3.0,2.0,4.0,4.0,57.5,煙火,簡單一點,80 歲以上,女,sess_9ecydic1q
sess_ac72ltsox,0.896124983484,0.7790202374813333,0.5328363229626667,0.6991466278333334,S17,2026/3/10 上午 11:28:27,8.0,9.0,9.0,7.0,6.0,4.0,7.0,4.0,5.0,1.0,5.0,3.0,5.0,1.0,4.0,4.0,3.0,1.0,80.0,無,沒差,80 歲以上,女,sess_ac72ltsox
sess_bqcd1xt8k,0.16769436426639175,0.5211306135712371,0.525221386678866,0.4165483511593608,S25,2026/3/30 上午 11:08:39,8.0,9.0,9.0,7.0,7.0,7.0,7.0,6.0,4.0,4.0,4.0,2.0,4.0,1.0,1.0,1.0,4.0,3.0,65.0,可以做運動深度,無,70 – 79 歲,女,sess_bqcd1xt8k
sess_cnj5tzj33,0.2408578070165823,0.41162086296392403,0.4131671107391772,0.4302543081798735,S09,2026/3/24 下午 7:20:49,8.0,9.0,8.0,7.0,7.0,7.0,7.0,7.0,4.0,3.0,4.0,2.0,4.0,2.0,5.0,3.0,5.0,2.0,75.0,無,無,70 – 79 歲,女,sess_cnj5tzj33
sess_d0fwwwug6,0.6210292518026416,0.7852933811679245,0.23407862856886794,0.7374471454132075,S07,2026/3/24 下午 3:55:00,7.0,9.0,6.0,7.0,4.0,5.0,6.0,7.0,3.0,5.0,4.0,1.0,3.0,1.0,4.0,1.0,4.0,4.0,65.0,煙火,需要指示,70 – 79 歲,男,sess_d0fwwwug6
sess_egorond48,0.6423028194210526,0.34287639379473683,0.5981050130963158,0.4383895077926316,S31,2026/3/30 下午 1:13:35,9.0,9.0,9.0,7.0,7.0,7.0,7.0,7.0,4.0,4.0,4.0,2.0,4.0,2.0,5.0,2.0,4.0,2.0,72.5,無,無,80 歲以上,女,sess_egorond48
sess_g9qmb3sao,0.78475122334,0.5225945285160001,0.556575315544,0.5604242568,S11,2026/3/10 上午 11:20:34,9.0,8.0,9.0,7.0,7.0,7.0,7.0,7.0,5.0,1.0,5.0,1.0,5.0,1.0,5.0,1.0,4.0,1.0,97.5,音樂,無,70 – 79 歲,男,sess_g9qmb3sao
sess_i3ygy9nml,0.17597065794569566,0.5834945972869565,0.4527082930869565,0.46894260082326084,S21,2026/3/10 上午 11:31:50,6.0,7.0,6.0,4.0,4.0,4.0,4.0,5.0,4.0,4.0,4.0,4.0,4.0,2.0,4.0,2.0,4.0,4.0,60.0,無,增加其他特效,80 歲以上,女,sess_i3ygy9nml
sess_kqhdfa7nt,0.7891001270796154,0.5689762995383078,0.43224338535704615,0.6235803667078461,S06,2026/3/17 下午 3:58:54,8.0,6.0,5.0,4.0,7.0,5.0,4.0,5.0,3.0,5.0,5.0,1.0,2.0,2.0,4.0,1.0,2.0,1.0,65.0,無,無,60 – 69 歲,男,sess_kqhdfa7nt
sess_kyzdclamk,0.4026749499150411,0.5836719377590822,0.40003207593873974,0.5441262859985343,S18,2026/3/10 上午 11:29:09,9.0,5.0,9.0,7.0,7.0,7.0,7.0,7.0,3.0,3.0,3.0,3.0,5.0,3.0,4.0,1.0,4.0,4.0,62.5,無,無,80 歲以上,男,sess_kyzdclamk
sess_mqanqsxwc,0.19534458957072728,0.42812546435954546,0.621221230169394,0.3526589025824242,S05,2026/3/17 下午 3:54:53,8.0,8.0,9.0,6.0,7.0,7.0,5.0,7.0,4.0,4.0,5.0,1.0,4.0,1.0,4.0,1.0,4.0,4.0,75.0,無,無,80 歲以上,女,sess_mqanqsxwc
sess_oqwg2e16f,0.15904335406729167,0.33300100902879165,0.243300091890625,0.43780620996708336,S27,2026/3/30 上午 11:24:02,9.0,8.0,7.0,7.0,6.0,7.0,7.0,7.0,4.0,4.0,5.0,1.0,4.0,1.0,4.0,4.0,3.0,2.0,70.0,搖擺,無,70 – 79 歲,男,sess_oqwg2e16f
sess_pbcvi4r6t,0.30235751139865674,0.42012673280044777,0.7182283186164179,0.3422601594516418,S24,2026/3/30 上午 11:06:57,9.0,8.0,9.0,7.0,7.0,7.0,6.0,7.0,3.0,5.0,5.0,1.0,5.0,1.0,2.0,2.0,2.0,1.0,67.5,煙火,無,80 歲以上,女,sess_pbcvi4r6t
sess_pp60os06z,0.2688621533230357,0.8945536038875,0.07574463625625001,0.7485263571946429,S19,2026/3/10 上午 11:30:11,9.0,7.0,5.0,5.0,3.0,5.0,5.0,7.0,4.0,4.0,4.0,4.0,4.0,2.0,4.0,2.0,3.0,3.0,60.0,煙火,不要太難,80 歲以上,女,sess_pp60os06z
sess_qkoi1afwv,1.0,0.9354892876114286,0.19466710976661428,0.9060622266285714,S02,2026/3/10 下午 3:27:21,9.0,9.0,9.0,7.0,7.0,7.0,7.0,7.0,4.0,3.0,5.0,1.0,4.0,1.0,4.0,1.0,1.0,4.0,70.0,動作煙火,可以有動作引導,60 – 69 歲,女,sess_qkoi1afwv
sess_qks61zrp3,0.25561153367008,0.468394027932,0.545159766452,0.410454576332,S15,2026/3/10 上午 11:25:31,9.0,9.0,6.0,7.0,7.0,5.0,5.0,7.0,4.0,4.0,4.0,4.0,4.0,2.0,3.0,2.0,4.0,4.0,57.5,手勢,不要太難,80 歲以上,女,sess_qks61zrp3
sess_rw7kcxk8s,0.32398340899789474,0.5409477556526315,0.5589200274306316,0.45175294490999995,S12,2026/3/10 上午 11:23:02,9.0,9.0,9.0,7.0,7.0,7.0,7.0,7.0,5.0,1.0,5.0,1.0,5.0,1.0,1.0,1.0,4.0,1.0,87.5,畫面,沒有,80 歲以上,女,sess_rw7kcxk8s
sess_svfq1mtx5,1.0,1.0,0.0,1.0,S29,2026/3/30 下午 1:09:53,8.0,7.0,7.0,5.0,4.0,5.0,3.0,6.0,4.0,2.0,4.0,3.0,3.0,2.0,5.0,2.0,5.0,2.0,75.0,愛心,無,60 – 69 歲,女,sess_svfq1mtx5
sess_t0m1tmnkq,0.9284203797172221,0.9206252944351667,0.3324658205811389,0.8339921754949999,S30,2026/3/30 下午 1:12:19,9.0,9.0,8.0,7.0,4.0,4.0,3.0,5.0,3.0,4.0,4.0,4.0,4.0,2.0,4.0,2.0,3.0,4.0,55.0,跳舞,無,70 – 79 歲,女,sess_t0m1tmnkq
sess_t3q3il099,0.36063649996828845,0.31523757659373075,0.39017818670057697,0.42969179029346155,S20,2026/3/10 上午 11:31:24,9.0,8.0,9.0,5.0,6.0,7.0,7.0,6.0,2.0,2.0,5.0,1.0,4.0,1.0,4.0,1.0,4.0,1.0,82.5,無,無,80 歲以上,女,sess_t3q3il099
sess_v7jmg2ig7,0.5659626994086667,0.7324431041853333,0.26503591666653337,0.6917053456893334,S03,2026/3/10 下午 3:31:17,9.0,7.0,9.0,6.0,6.0,6.0,4.0,6.0,5.0,1.0,3.0,1.0,4.0,1.0,4.0,1.0,3.0,1.0,85.0,綜合,不用,70 – 79 歲,女,sess_v7jmg2ig7
sess_wkabiktqx,0.3258245442269277,0.9395089444253013,0.329989449723253,0.6917634064253012,S16,2026/3/10 上午 11:27:40,8.0,7.0,9.0,6.0,6.0,6.0,7.0,6.0,3.0,4.0,4.0,5.0,4.0,3.0,4.0,2.0,4.0,4.0,52.5,很好玩,覺得使用上需要有旁人協助，在使用電腦上面非常困難,70 – 79 歲,女,sess_wkabiktqx
sess_ytlau6ief,0.2617535318036054,0.6903141140631351,0.37902133661795134,0.5589065607617838,S08,2026/3/24 下午 3:57:51,8.0,8.0,9.0,5.0,5.0,7.0,7.0,7.0,4.0,1.0,4.0,5.0,3.0,5.0,2.0,3.0,3.0,4.0,45.0,煙火,不知道要做什麼動作,70 – 79 歲,男,sess_ytlau6ief
